MASTER COPY		ODD YEARS (If 2-year Cycle)			EVEN YEARS (If 2-year Cycle)		
DATE	HOLY DAY	MP PSALM	MP LESSON 1	MP LESSON 2	EP PSALM	EP LESSON 1	EP LESSON 2
01-01	Holy Name	1, 2	Gen 1	John 1:1-28	3, 4	Gal 1	Luke 2:8-21
01-02		5, 6	Gen 2	John 1:29-end	7	Jer 1	Gal 2
01-03		9	Gen 3	John 2	10	Jer 2 † 1-22	Gal 3
01-04		8, 11	Gen 4	John 3:1-21	15, 16	Jer 3	Gal 4
01-05		12, 13, 14	Gen 5	John 3:22-end	17	Jer 4	Gal 5
01-06	Epiphany	96, 97	Gen 6	Matt 2:1-12	67, 72	Jer 5	John 2:1-12
01-07		18:1-20	Gen 7	John 4:1-26	18:21-50	Jer 6	Gal 6
01-08		19	Gen 8	John 4:27-end	20, 21	Jer 7 † 1-28,34	1 Thess 1
01-09		22	Gen 9	John 5:1-24	23, 24	Jer 8	1 Thess 2:1-16
01-10		25	Gen 10 † 1-9,15-22,30-32	John 5:25-end	27	Jer 9	1 Thess 2:17—3 end
01-11		26, 28	Gen 11 † 1-9,27-32	John 6:1-21	31	Jer 10	1 Thess 4:1-12
01-12		29, 30	Gen 12	John 6:22-40	33	Jer 11	1 Thess 4:13—5:11
01-13		34	Gen 13	John 6:41-end	35	Jer 12	1 Thess 5:12-end
01-14		32, 36	Gen 14	John 7:1-24	38	Jer 13	2 Thess 1
01-15		37:1-18	Gen 15	John 7:25-52	37:19-42	Jer 14	2 Thess 2
01-16		40	Gen 16	John 7:53—8:30	39, 41	Jer 15	2 Thess 3
01-17		42, 43	Gen 17	John 8:31-end	44	Jer 16	1 Cor 1:1-25
01-18	Confession of Peter	45	Gen 18	Matt 16:13-20	46	Jer 17	1 Cor 1:26—2 end
01-19		47, 48	Gen 19 † 1-29	John 9	49	Jer 18	1 Cor 3
01-20		50	Gen 20	John 10:1-21	51	Jer 19	1 Cor 4:1-17
01-21		52, 53, 54	Gen 21 † 1-21	John 10:22-end	55	Jer 20	1 Cor 4:18—5 end
01-22		56, 57	Gen 22	John 11:1-44	58, 60	Jer 21	1 Cor 6
01-23		59	Gen 23	John 11:45-end	63, 64	Jer 22	1 Cor 7
01-24		61, 62	Gen 24 † 1-28,53-58	John 12:1-19	65, 67	Jer 23 † 1-9,16-18,21-40	1 Cor 8
01-25	Conversion of Paul	68:1-18	Acts 9:1-22	John 12:20-end	68:19-36	Jer 24	1 Cor 9
01-26		69:1-18	Gen 25 † 7-11,19-34	John 13	69:19-38	Jer 25 † 1-19,26-31	1 Cor 10
01-27		66	Gen 26 † 1-25	John 14:1-14	70, 72	Jer 26	1 Cor 11
01-28		71	Gen 27 † 1-13,18-36,39-40	John 14:15-end	73	Jer 27	1 Cor 12
01-29		74	Gen 28	John 15:1-17	77	Jer 28	1 Cor 13
01-30		75, 76	Gen 29 † 1-28	John 15:18-end	79, 82	Jer 29 † 1-14,24-32	1 Cor 14:1-19
01-31		78:1-18	Gen 30 † 1-2,22-43	John 16:1-15	78:19-40	Jer 30	1 Cor 14:20-end
02-01		78:41-73	Gen 31 † 1-3,17-45	John 16:16-end	80	Jer 31 † 1-17,27-37	1 Cor 15:1-34
02-02	Presentation of Jesus in the Temple	24, 81	Gen 32 † 1-13,21-32	Luke 2:22-40	84	Jer 32 † 1-15,36-44	1 Cor 15:35-end
02-03		83	Gen 33	John 17	85	Jer 33	1 Cor 16
02-04	‡ (Earliest possible date for Ash Wednesday)	86, 87	Gen 34	John 18:1-27	88	Jer 34	2 Cor 1:1—2:11
02-05		89:1-18	Gen 35	John 18:28-end	89:19-52	Jer 35	2 Cor 2:12—3 end
02-06		90	Gen 36 † 1-8	John 19:1-37	91	Jer 36 † 1-10,19-32	2 Cor 4
02-07		92, 93	Gen 37 † 3-8,12-36	John 19:38-end	94	Jer 37	2 Cor 5
02-08		95, 96	Gen 38 † 1-26	John 20	97, 98	Jer 38	2 Cor 6
02-09		99, 100, 101	Gen 39	John 21	102	Jer 39	2 Cor 7
02-10		103	Gen 40	Matt 1:1-17	104	Jer 40	2 Cor 8
02-11		105:1-22	Gen 41 † 1-15,25-40	Matt 1:18-end	105:23-45	Jer 41	2 Cor 9
02-12		106:1-18	Gen 42 † 1-28	Matt 2	106:19-48	Jer 42	2 Cor 10
02-13		107:1-22	Gen 43 † 1-10,15-34	Matt 3	107:23-43	Jer 43	2 Cor 11
02-14		108, 110	Gen 44 † 1-20,30-34	Matt 4	109	Jer 44 † 1-19,24-30	2 Cor 12:1-13
02-15		111, 112	Gen 45	Matt 5:1-20	113, 114	Jer 45	2 Cor 12:14—13 end
02-16		115	Gen 46 † 1-7,28-34	Matt 5:21-48	116, 117	Jer 46	Rom 1
02-17		119:1-24	Gen 47 † 1-15,23-31	Matt 6:1-18	119:25-48	Jer 47	Rom 2
02-18		119:49-72	Gen 48	Matt 6:19-end	119:73-88	Jer 48 † 1-20,40-47	Rom 3
02-19		119:89-104	Gen 49	Matt 7	119:105-128	Jer 49 † 1-13,23-39	Rom 4
02-20		119:129-152	Gen 50	Matt 8:1-17	119:153-176	Jer 50 † 1-20,33-40	Rom 5
02-21		118	Exod 1	Matt 8:18-end	120, 121	Jer 51 † 6-10,45-64	Rom 6
02-22		122, 123	Exod 2	Matt 9:1-17	124, 125, 126	Jer 52 † 1-27,31-34	Rom 7
02-23		127, 128	Exod 3	Matt 9:18-34	129, 130, 131	Baruch 4 † 5-13,21-37	Rom 8:1-17
02-24	Matthias	132, 133	Acts 1:15-26	Matt 9:35—10:23	134, 135	Baruch 5	Rom 8:18-end
02-25		136	Exod 4	Matt 10:24-end	137, 138	Lam 1 † 1-12,17-22	Rom 9
02-26		139	Exod 5	Matt 11	141, 142	Lam 2 † 1-18	Rom 10
02-27		140	Exod 6 † 1-13	Matt 12:1-21	143	Lam 3 † 1-9,19-33,52-66	Rom 11
02-28		144	Exod 7	Matt 12:22-end	145	Lam 4	Rom 12
02-29		90	2 Kings 2	Luke 24:44-53	104	Joel 2 † 1-2,12-32	2 Pet 3
03-01		146	Exod 8	Matt 13:1-23	147	Lam 5	Rom 13
03-02		148	Exod 9 † 1-29,33-34	Matt 13:24-43	149, 150	Prov 1	Rom 14
03-03		1, 2	Exod 10	Matt 13:44-end	3, 4	Prov 2	Rom 15
03-04		5, 6	Exod 11	Matt 14	7	Prov 3 † 1-27	Rom 16
03-05		9	Exod 12 † 1-20,28-36	Matt 15:1-28	10	Prov 4	Phil 1:1-11
03-06		8, 11	Exod 13	Matt 15:29—16:12	15, 16	Prov 5	Phil 1:12-end
03-07		12, 13, 14	Exod 14 † 5-31	Matt 16:13-end	17	Prov 6 † 1-11,20-35	Phil 2:1-11
03-08		18:1-20	Exod 15	Matt 17:1-23	18:21-50	Prov 7	Phil 2:12-end
03-09		19	Exod 16 † 1-7,11-33	Matt 17:24—18:14	20, 21	Prov 8	Phil 3
03-10		22	Exod 17	Matt 18:15-end	23, 24	Prov 9	Phil 4
03-11		25	Exod 18	Matt 19:1-15	27	Prov 10	Col 1:1-20
03-12		26, 28	Exod 19	Matt 19:16—20:16	31	Prov 11	Col 1:21—2:7
03-13		29, 30	Exod 20	Matt 20:17-end	33	Prov 12	Col 2:8-19
03-14		34	Exod 21 † 1-19,22-29	Matt 21:1-22	35	Prov 13	Col 2:20—3:11
03-15		32, 36	Exod 22	Matt 21:23-end	38	Prov 14	Col 3:12-end
03-16		37:1-18	Exod 23 † 1-13,18-30	Matt 22:1-33	37:19-42	Prov 15	Col 4
03-17		40	Exod 24	Matt 22:34—23:12	39, 41	Prov 16	Philemon
03-18		42, 43	Exod 25 † 1-23,31-40	Matt 23:13-end	44	Prov 17	Eph 1:1-14
03-19	Joseph ‡ (Earliest possible date for Maundy Thursday)	45	Exod 26 † 1-10,15-16,29-37	Matt 24:1-28	46	Eph 1:15-end	Matt 1:18-26
03-20		47, 48	Exod 27	Matt 24:29-end	49	Prov 18	Eph 2:1-10
03-21		50	Exod 28 † 1-6,15-21, 29-43	Matt 25:1-30	51	Prov 19	Eph 2:11-end
03-22		52, 53, 54	Exod 29 † 1-18,35-46	Matt 25:31-end	55	Prov 20	Eph 3
03-23		56, 57	Exod 30 † 1-3,7-33	Matt 26:1-30	58, 60	Prov 21	Eph 4:1-16
03-24		59	Exod 31	Matt 26:31-56	63, 64	Prov 22	Eph 4:17-end
03-25	Annunciation	113, 138	Exod 32 † 1-29	Luke 1:26-38	131, 132	Prov 23	Eph 5:1-17
03-26		61, 62	Exod 33	Matt 26:57-end	65, 67	Prov 24 † 1-14, 23-34	Eph 5:18-end
03-27		68:1-18	Exod 34 † 1-17,27-35	Matt 27:1-26	68:19-36	Prov 25	Eph 6:1-9
03-28		69:1-18	Exod 35 † 1-10,20-35	Matt 27:27-56	69:19-38	Prov 26	Eph 6:10-end
03-29		66	Exod 36 † 1-10,18-20, 31-38	Matt 27:57—28 end	70, 72	Prov 27	1 Tim 1:1-17
03-30		71	Exod 37 † 1-11,16-29	Mark 1:1-13	73	Prov 28	1 Tim 1:18—2 end
03-31		74	Exod 38 † 1-23	Mark 1:14-31	77	Prov 29	1 Tim 3
04-01		75, 76	Exod 39 † 1-14,27-43	Mark 1:32-end	79, 82	Prov 30 † 1-9,15-33	1 Tim 4
04-02		78:1-18	Exod 40 † 1,16-38	Mark 2:1-22	78:19-40	Prov 31	1 Tim 5
04-03		78:41-73	Lev 1	Mark 2:23—3:12	80	Job 1	1 Tim 6
04-04		81	Lev 8 † 1-24,30-36	Mark 3:13-end	83	Job 2	Titus 1
04-05		84	Lev 10	Mark 4:1-34	85	Job 3	Titus 2
04-06		86, 87	Lev 16 † 1-22,29-34	Mark 4:35—5:20	88	Job 4	Titus 3
04-07		89:1-18	Lev 17	Mark 5:21-end	89:19-52	Job 5	2 Tim 1
04-08		90	Lev 18	Mark 6:1-29	91	Job 6	2 Tim 2
04-09		92, 93	Lev 19 † 1-2,9-37	Mark 6:30-end	94	Job 7	2 Tim 3
04-10		95, 96	Lev 20	Mark 7:1-23	97, 98	Job 8	2 Tim 4
04-11		99, 100, 101	Lev 23 † 9-32,39-43	Mark 7:24—8:10	102	Job 9	Heb 1
04-12		103	Lev 26 † 3-20,38-46	Mark 8:11-end	104	Job 10	Heb 2
04-13		105:1-22	Num 6	Mark 9:1-29	105:23-45	Job 11	Heb 3
04-14		106:1-18	Num 8 † 5-26	Mark 9:30-end	106:19-48	Job 12	Heb 4:1-13
04-15		107:1-22	Num 11 † 4-6,10-33	Mark 10:1-31	107:23-43	Job 13	Heb 4:14—5:10
04-16		108, 110	Num 12	Mark 10:32-end	109	Job 14	Heb 5:11—6 end
04-17		111, 112	Num 13 † 1-3,17-33	Mark 11:1-26	113, 114	Job 15	Heb 7
04-18		115	Num 14 † 1-31	Mark 11:27—12:12	116, 117	Job 16	Heb 8
04-19		119:1-24	Num 15 † 22-41	Mark 12:13-34	119:25-48	Job 17	Heb 9:1-14
04-20		119:49-72	Num 16 † 1-11,20-38	Mark 12:35—13:13	119:73-88	Job 18	Heb 9:15-end
04-21		119:89-104	Num 17	Mark 13:14-end	119:105-128	Job 19	Heb 10:1-18
04-22		119:129-152	Num 18 † 1-24	Mark 14:1-25	119:153-176	Job 20	Heb 10:19-end
04-23		118	Num 20	Mark 14:26-52	120, 121	Job 21	Heb 11
04-24		122, 123	Num 21 † 4-9,21-35	Mark 14:53-end	124, 125, 126	Job 22	Heb 12:1-17
04-25	Mark	127, 128	Acts 12:11-25	Mark 15	129, 130, 131	Job 23	Heb 12:18-end
04-26		132, 133	Num 22 † 1-35	Mark 16	134, 135	Job 24	Heb 13
04-27		136	Num 23 † 1-26	Luke 1:1-23	137, 138	Job 25 & 26	Jas 1
04-28		139	Num 24	Luke 1:24-56	141, 142	Job 27	Jas 2:1-13
04-29		140	Num 25	Luke 1:57-end	143	Job 28	Jas 2:14-end
04-30	‡ (Earliest possible date for Ascension)	144	Deut 1 † 1-21,26-33	Luke 2:1-21	145	Job 29	Jas 3
05-01	Philip & James	146	Deut 2 † 1-9,14-19,24-37	Luke 2:22-end	147	Jas 4	John 1:43-end
05-02		148	Deut 3	Luke 3:1-22	149, 150	Job 30	Jas 5
05-03		1, 2	Deut 4 † 1-18,24-40	Luke 3:23-end	3, 4	Job 31 † 1-23,35-40	1 Pet 1:1-21
05-04		5, 6	Deut 5	Luke 4:1-30	7	Job 32	1 Pet 1:22—2:10
05-05		9	Deut 6	Luke 4:31-end	10	Job 33	1 Pet 2:11—3:7
05-06		8, 11	Deut 7	Luke 5:1-16	15, 16	Job 34 † 1-15,21-28,31-37	1 Pet 3:8—4:6
05-07		12, 13, 14	Deut 8	Luke 5:17-end	17	Job 35	1 Pet 4:7-end
05-08		18:1-20	Deut 9	Luke 6:1-19	18:21-50	Job 36	1 Pet 5
05-09		19	Deut 10	Luke 6:20-38	20, 21	Job 37	2 Pet 1
05-10		22	Deut 11	Luke 6:39—7:10	23, 24	Job 38 † 1-27,31-33	2 Pet 2
05-11		25	Deut 12	Luke 7:11-35	27	Job 39	2 Pet 3
05-12		26, 28	Deut 13	Luke 7:36-end	31	Job 40	Jude
05-13		29, 30	Deut 14	Luke 8:1-21	33	Job 41	1 John 1:1—2:6
05-14		34	Deut 15	Luke 8:22-end	35	Job 42	1 John 2:7-end
05-15		32, 36	Deut 16	Luke 9:1-17	38	Eccl 1	1 John 3:1-10
05-16		37:1-18	Deut 17	Luke 9:18-50	37:19-42	Eccl 2	1 John 3:11—4:6
05-17		40	Deut 18	Luke 9:51-end	39, 41	Eccl 3	1 John 4:7-end
05-18		42, 43	Deut 19	Luke 10:1-24	44	Eccl 4	1 John 5
05-19		45	Deut 20	Luke 10:25-end	46	Eccl 5	2 John
05-20		47, 48	Deut 21	Luke 11:1-28	49	Eccl 6	3 John
05-21		50	Deut 22	Luke 11:29-end	51	Eccl 7	Acts 1:1-14
05-22		52, 53, 54	Deut 23	Luke 12:1-34	55	Eccl 8	Acts 1:15-end
05-23		56, 57	Deut 24	Luke 12:35-53	58, 60	Eccl 9	Acts 2:1-21
05-24		59	Deut 25	Luke 12:54—13:9	63, 64	Eccl 10	Acts 2:22-end
05-25		61, 62	Deut 26	Luke 13:10-end	65, 67	Eccl 11	Acts 3:1—4:4
05-26		68:1-18	Deut 27	Luke 14:1-24	68:19-36	Eccl 12	Acts 4:5-31
05-27		69:1-18	Deut 28 † 1-25,64-68	Luke 14:25—15:10	69:19-38	Ezek 1	Acts 4:32—5:11
05-28		66	Deut 29	Luke 15:11-end	70, 72	Ezek 2	Acts 5:12-end
05-29		71	Deut 30	Luke 16	73	Ezek 3	Acts 6:1—7:16
05-30		74	Deut 31	Luke 17:1-19	77	Ezek 4	Acts 7:17-34
05-31	Visitation	75, 76	Deut 32 † 1-10,15-22,39-52	Luke 1:39-56	79, 82	Ezek 5	Acts 7:35—8:3
06-01		78:1-18	Deut 33	Luke 17:20-end	78:19-40	Ezek 6	Acts 8:4-25
06-02		78:41-73	Deut 34	Luke 18:1-30	80	Ezek 7	Acts 8:26-end
06-03		81	Josh 1	Luke 18:31—19:10	83	Ezek 8	Acts 9:1-31
06-04		84	Josh 2	Luke 19:11-28	85	Ezek 9	Acts 9:32-end
06-05		86, 87	Josh 3	Luke 19:29-end	88	Ezek 10	Acts 10:1-23
06-06		89:1-18	Josh 4	Luke 20:1-26	89:19-52	Ezek 11	Acts 10:24-end
06-07		90	Josh 5	Luke 20:27—21:4	91	Ezek 12	Acts 11:1-18
06-08		92, 93	Josh 6	Luke 21:5-end	94	Ezek 13	Acts 11:19-end
06-09		95, 96	Josh 7	Luke 22:1-38	97, 98	Ezek 14	Acts 12:1-24
06-10		99, 100, 101	Josh 8 † 1-22,30-35	Luke 22:39-53	102	Ezek 15	Acts 12:25—13:12
06-11	Barnabas	103	Acts 4:32-37	Luke 22:54-end	104	Ezek 16 † 1-15,33-47, 59-63	Acts 13:13-43
06-12		105:1-22	Josh 9	Luke 23:1-25	105:23-45	Ezek 17	Acts 13:44—14:7
06-13		106:1-18	Josh 10 † 1-27,40-43	Luke:23:26-49	106:19-48	Ezek 18	Acts 14:8-end
06-14		107:1-22	Josh 14 † 5-15	Luke 23:50—24:12	107:23-43	Ezek 33 † 1-23,30-33	Acts 15:1-21
06-15		108, 110	Josh 22 † 7-31	Luke 24:13-end	109	Ezek 34	Acts 15:22-35
06-16		111, 112	Josh 23	Gal 1	113, 114	Ezek 35	Acts 15:36—16:5
06-17		115	Josh 24 † 1-31	Gal 2	116, 117	Ezek 36 † 16-37	Acts 16:6-end
06-18		119:1-24	Judg 1 † 1-21	Gal 3	119:25-48	Ezek 37	Acts 17:1-15
06-19		119:49-72	Judg 2 † 6-23	Gal 4	119:73-88	Ezek 40 † 1-5,17-19,35-49	Acts 17:16-end
06-20		119:89-104	Judg 3 † 7-30	Gal 5	119:105-128	Ezek 43	Acts 18:1-23
06-21		119:129-152	Judg 4	Gal 6	119:153-176	Ezek 47	Acts 18:24—19:7
06-22		118	Judg 5 † 1-5,19-31	1 Thess 1	120, 121	Dan 1	Acts 19:8-20
06-23		122, 123	Judg 6 † 1,6,11-24,33-40	1 Thess 2:1-16	124, 125, 126	Dan 2 † 1-14,25-28,31-45	Acts 19:21-end
06-24	Nativity of John the Baptist	127, 128	1 Thess 2:17—3 end	Matt 14:1-13	129, 130, 131	Dan 3	Acts 20:1-16
06-25		132, 133	Judg 7 † 1-8,16-25	1 Thess 4:1-12	134, 135	Dan 4 † 1-9,19-35	Acts 20:17-end
06-26		136	Judg 8 † 4-23,28	1 Thess 4:13—5:11	137, 138	Dan 5	Acts 21:1-16
06-27		139	Judg 9 † 1-6,22-25,43-56	1 Thess 5:12-end	141, 142	Dan 6	Acts 21:17-36
06-28		140	Judg 10 † 6-18	2 Thess 1	143	Dan 7	Acts 21:37—22:22
06-29	Peter & Paul	144	2 Thess 2	2 Pet 3:14-end	145	Dan 8	Acts 22:23—23:11
06-30		146	Judg 11 † 1-11,29-40	2 Thess 3	147	Dan 9	Acts 23:12-end
07-01		148	Judg 12	1 Cor 1:1-25	149, 150	Dan 10	Acts 24:1-23
07-02		1, 2	Judg 13	1 Cor 1:26—2 end	3, 4	Dan 11 † 1-19	Acts 24:24—25:12
07-03		5, 6	Judg 14	1 Cor 3	7	Dan 12	Acts 25:13-end
07-04		9	Judg 15	1 Cor 4:1-17	10	Susanna	Acts 26
07-05		8, 11	Judg 16	1 Cor 4:18—5 end	15, 16	Esth 1	Acts 27
07-06		12, 13, 14	Ruth 1	1 Cor 6	17	Esth 2	Acts 28:1-15
07-07		18:1-20	Ruth 2	1 Cor 7	18:21-50	Esth 3	Acts 28:16-end
07-08		19	Ruth 3	1 Cor 8	20, 21	Esth 4	Philemon
07-09		22	Ruth 4	1 Cor 9	23, 24	Esth 5	1 Tim 1:1-17
07-10		25	1 Sam 1 † 1-20	1 Cor 10	27	Esth 6	1 Tim 1:18—2 end
07-11		26, 28	1 Sam 2 † 1-21	1 Cor 11	31	Esth 7	1 Tim 3
07-12		29, 30	1 Sam 3	1 Cor 12	33	Esth 8	1 Tim 4
07-13		34	1 Sam 4	1 Cor 13	35	Esth 9 & 10	1 Tim 5
07-14		32, 36	1 Sam 5	1 Cor 14:1-19	38	Ezra 1	1 Tim 6
07-15		37:1-18	1 Sam 6 † 1-15	1 Cor 14:20-end	37:19-42	Ezra 3	Titus 1
07-16		40	1 Sam 7	1 Cor 15:1-34	39, 41	Ezra 4	Titus 2
07-17		42, 43	1 Sam 8	1 Cor 15:35-end	44	Ezra 5	Titus 3
07-18		45	1 Sam 9	1 Cor 16	46	Ezra 6	2 Tim 1
07-19		47, 48	1 Sam 10	2 Cor 1:1—2:11	49	Ezra 7	2 Tim 2
07-20		50	1 Sam 11	2 Cor 2:12—3 end	51	Ezra 8 † 21-36	2 Tim 3
07-21		52, 53, 54	1 Sam 12	2 Cor 4	55	Ezra 9	2 Tim 4
07-22	Mary Magdalene	56, 57	2 Cor 5	Luke 7:36—8:3	58, 60	Ezra 10 † 1-16	John 1:1-28
07-23		59	1 Sam 13	2 Cor 6	63, 64	Neh 1	John 1:29-end
07-24		61, 62	1 Sam 14 † 1-15,20,24-30	2 Cor 7	65, 67	Neh 2	John 2
07-25	James	68:1-18	2 Cor 8	Mark 1:14-20	68:19-36	Neh 3 † 1-15	John 3:1-21
07-26		69:1-18	1 Sam 15	2 Cor 9	69:19-38	Neh 4	John 3:22-end
07-27		66	1 Sam 16	2 Cor 10	70, 72	Neh 5	John 4:1-26
07-28		71	1 Sam 17 † 1-11,26-27,31-51	2 Cor 11	73	Neh 6	John 4:27-end
07-29		74	1 Sam 18	2 Cor 12:1-13	77	Neh 8	John 5:1-24
07-30		75, 76	1 Sam 19	2 Cor 12:14—13 end	79, 82	Neh 9 † 1-15,26-38	John 5:25-end
07-31		78:1-18	1 Sam 20 † 1-7,24-42	Rom 1	78:19-40	Neh 10 † 28-39	John 6:1-21
08-01		78:41-73	1 Sam 21	Rom 2	80	Neh 12 † 27-47	John 6:22-40
08-02		81	1 Sam 22	Rom 3	83	Neh 13 † 1-22,30-31	John 6:41-end
08-03		84	1 Sam 23	Rom 4	85	Hos 1	John 7:1-24
08-04		86, 87	1 Sam 24	Rom 5	88	Hos 2	John 7:25-52
08-05		89:1-18	1 Sam 25 † 1-19,23-25,32-42	Rom 6	89:19-52	Hos 3	John 7:53—8:30
08-06	Transfiguration	27	Rom 7	Mark 9:2-10	80	Hos 4	John 8:31-end
08-07		90	1 Sam 26	Rom 8:1-17	91	Hos 5	John 9
08-08		92, 93	1 Sam 27	Rom 8:18-end	94	Hos 6	John 10:1-21
08-09		95, 96	1 Sam 28	Rom 9	97, 98	Hos 7	John 10:22-end
08-10		99, 100, 101	1 Sam 29	Rom 10	102	Hos 8	John 11:1-44
08-11		103	1 Sam 30 † 1-25	Rom 11	104	Hos 9	John 11:45-end
08-12		105:1-22	1 Sam 31	Rom 12	105:23-45	Hos 10	John 12:1-19
08-13		106:1-18	2 Sam 1	Rom 13	106:19-48	Hos 11	John 12:20-end
08-14		107:1-22	2 Sam 2 † 1-17,26-31	Rom 14	107:23-43	Hos 12	John 13
08-15	Mary the Virgin	108, 110	2 Sam 3 † 6-11,17-39	Luke 1:26-38	109	Hos 13	John 14:1-14
08-16		111, 112	2 Sam 4	Rom 15	113, 114	Hos 14	John 14:15-end
08-17		115	2 Sam 5	Rom 16	116, 117	Joel 1	John 15:1-17
08-18		119:1-24	2 Sam 6	Phil 1:1-11	119:25-48	Joel 2 † 1-17,28-32	John 15:18-end
08-19		119:49-72	2 Sam 7	Phil 1:12-end	119:73-88	Joel 3	John 16:1-15
08-20		119:89-104	2 Sam 8	Phil 2:1-11	119:105-128	Amos 1	John 16:16-end
08-21		119:129-152	2 Sam 9	Phil 2:12-end	119:153-176	Amos 2	John 17
08-22		118	2 Sam 10	Phil 3	120, 121	Amos 3	John 18:1-27
08-23		122, 123	2 Sam 11	Phil 4	124, 125, 126	Amos 4	John 18:28-end
08-24	Bartholomew	127, 128	Col 1:1-20	Luke 6:12-16	129, 130, 131	Amos 5	John 19:1-37
08-25		132, 133	2 Sam 12 † 1-25	Col 1:21—2:7	134, 135	Amos 6	John 19:38-end
08-26		136	2 Sam 13 † 1-29,38-39	Col 2:8-19	137, 138	Amos 7	John 20
08-27		139	2 Sam 14 † 1-21,28	Col 2:20—3:11	141, 142	Amos 8	John 21
08-28		140	2 Sam 15 † 1-18,23-25,32-34	Col 3:12-end	143	Amos 9	Matt 1:1-17
08-29		144	2 Sam 16	Col 4	145	Obadiah	Matt 1:18-end
08-30		146	2 Sam 17 † 1-23	Philemon	147	Jonah 1	Matt 2
08-31		148	2 Sam 18 † 1-15,19-33	Eph 1:1-14	149, 150	Jonah 2	Matt 3
09-01		1, 2	2 Sam 19 † 1-30	Eph 1:15-end	3, 4	Jonah 3	Matt 4
09-02		5, 6	2 Sam 20	Eph 2:1-10	7	Jonah 4	Matt 5:1-20
09-03		9	2 Sam 21	Eph 2:11-end	10	Mic 1	Matt 5:21-48
09-04		8, 11	2 Sam 22 † 1-7,14-20,32-51	Eph 3	15, 16	Mic 2	Matt 6:1-18
09-05		12, 13, 14	2 Sam 23 † 1-23	Eph 4:1-16	17	Mic 3	Matt 6:19-end
09-06		18:1-20	2 Sam 24	Eph 4:17-end	18:21-50	Mic 4	Matt 7
09-07		19	1 Chron 22	Eph 5:1-17	20, 21	Mic 5	Matt 8:1-17
09-08		22	1 Kings 1 † 1-18,29-40	Eph 5:18-end	23, 24	Mic 6	Matt 8:18-end
09-09		25	1 Chron 28	Eph 6	27	Mic 7	Matt 9:1-17
09-10		26, 28	1 Kings 2 † 1-25	Heb 1	31	Nahum 1	Matt 9:18-34
09-11		29, 30	1 Kings 3	Heb 2	33	Nahum 2	Matt 9:35—10:23
09-12		34	1 Kings 4 † 1-6,20-34	Heb 3	35	Nahum 3	Matt 10:24-end
09-13		32, 36	1 Kings 5	Heb 4:1-13	38	Hab 1	Matt 11
09-14	Holy Cross	37:1-18	Heb 4:14—5:10	John 12:23-33	37:19-42	Hab 2	Matt 12:1-21
09-15		40	1 Kings 6 † 1-7,11-30,37-38	Heb 5:11—6 end	39, 41	Hab 3	Matt 12:22-end
09-16		42, 43	1 Kings 7 † 1-14,40-44,47-51	Heb 7	44	Zeph 1	Matt 13:1-23
09-17		45	1 Kings 8 † 1-11,22-30,54-63	Heb 8	46	Zeph 2	Matt 13:24-43
09-18		47, 48	1 Kings 9 † 1-9,15-28	Heb 9:1-14	49	Zeph 3	Matt 13:44-end
09-19		50	1 Kings 10 †1-13,23-29	Heb 9:15-end	51	Hag 1	Matt 14
09-20		52, 53, 54	1 Kings 11 † 1-14,23-33,41-43	Heb 10:1-18	55	Hag 2	Matt 15:1-28
09-21	Matthew	56, 57	Heb 10:19-end	Matt 9:9-13	58, 60	Zech 1	Matt 15:29—16:12
09-22		59	1 Kings 12 † 1-20,25-30	Heb 11	63, 64	Zech 2	Matt 16:13-end
09-23		61, 62	1 Kings 13 † 1-25,33-34	Heb 12:1-17	65, 67	Zech 3	Matt 17:1-23
09-24		68:1-18	1 Kings 14	Heb 12:18-end	68:19-36	Zech 4	Matt 17:24—18:14
09-25		69:1-18	2 Chron 12	Heb 13	69:19-38	Zech 5	Matt 18:15-end
09-26		66	2 Chron 13	Jas 1	70, 72	Zech 6	Matt 19:1-15
09-27		71	2 Chron 14	Jas 2:1-13	73	Zech 7	Matt 19:16—20:16
09-28		74	2 Chron 15	Jas 2:14-end	77	Zech 8	Matt 20:17-end
09-29	Michael & All Angels	75, 76	Rev 12:7-12	Jas 3	79, 82	Zech 9	Matt 21:1-22
09-30		78:1-18	2 Chron 16	Jas 4	78:19-40	Zech 10	Matt 21:23-end
10-01		78:41-73	1 Kings 15 † 1-30	Jas 5	80	Zech 11	Matt 22:1-33
10-02		81	1 Kings 16 † 1-4,8-19,23-34	1 Pet 1:1-21	83	Zech 12	Matt 22:34—23:12
10-03		84	1 Kings 17	1 Pet 1:22—2:10	85	Zech 13	Matt 23:13-end
10-04		86, 87	1 Kings 18 † 1-8,17-46	1 Pet 2:11—3:7	88	Zech 14	Matt 24:1-28
10-05		89:1-18	1 Kings 19	1 Pet 3:8—4:6	89:19-52	Mal 1	Matt 24:29-end
10-06		90	1 Kings 20 † 1,13,21-43	1 Pet 4:7-end	91	Mal 2	Matt 25:1-30
10-07		92, 93	1 Kings 21	1 Pet 5	94	Mal 3	Matt 25:31-end
10-08		95, 96	1 Kings 22 † 1-23,29-38	2 Pet 1	97, 98	Mal 4	Matt 26:1-30
10-09		99, 100, 101	2 Chron 20	2 Pet 2	102	1 Macc 1 † 1-15,20-25,41-64	Matt 26:31-56
10-10		103	2 Kings 1	2 Pet 3	104	1 Macc 2 † 1-28	Matt 26:57-end
10-11		105:1-22	2 Kings 2	Jude	105:23-45	2 Macc 6	Matt 27:1-26
10-12		106:1-18	2 Kings 3	1 John 1:1—2:6	106:19-48	2 Macc 7	Matt 27:27-56
10-13		107:1-22	2 Kings 4 † 8-37	1 John 2:7-end	107:23-43	2 Macc 8 † 1-29	Matt 27:57—28 end
10-14		108, 110	2 Kings 5	1 John 3:1-10	109	2 Macc 10 † 1-8,24-38	Mark 1:1-13
10-15		111, 112	2 Kings 6 † 1-24	1 John 3:11—4:6	113, 114	1 Macc 7 † 1-6,23-50	Mark 1:14-31
10-16		115	2 Kings 7	1 John 4:7-end	116, 117	1 Macc 9 † 1-31	Mark 1:32-end
10-17		119:1-24	2 Kings 8 † 1-19,25-27	1 John 5	119:25-48	1 Macc 13 † 1-30,41-42	Mark 2:1-22
10-18	Luke	119:49-72	2 John	Luke 1:1-4	119:73-88	1 Macc 14 † 4-18,35-43	Mark 2:23—3:12
10-19		119:89-104	2 Kings 9 † 1-26,30-37	3 John	119:105-128	Isa 1	Mark 3:13-end
10-20		119:129-152	2 Kings 10 † 1-11,18-31	Acts 1:1-14	119:153-176	Isa 2	Mark 4:1-34
10-21		118	2 Kings 11 † 1-16,23-27	Acts 1:15-end	120, 121	Isa 3	Mark 4:35—5:20
10-22		122, 123	2 Kings 12	Acts 2:1-21	124, 125, 126	Isa 4	Mark 5:21-end
10-23	James of Jerusalem	127, 128	Acts 2:22-end	James 1	129, 130, 131	Isa 5	Mark 6:1-29
10-24		132, 133	2 Kings 13	Acts 3:1—4:4	134, 135	Isa 6	Mark 6:30-end
10-25		136	2 Kings 14	Acts 4:5-31	137, 138	Isa 7	Mark 7:1-23
10-26		139	2 Chron 26	Acts 4:32—5:11	141, 142	Isa 8	Mark 7:24—8:10
10-27		140	2 Kings 15 † 1-29	Acts 5:12-end	143	Isa 9	Mark 8:11-end
10-28	Simon & Jude	144	Acts 6:1—7:16	John 14:15-31	145	Isa 10	Mark 9:1-29
10-29		146	2 Kings 16	Acts 7:17-34	147	Isa 11	Mark 9:30-end
10-30		148	2 Kings 17 † 1-28,41	Acts 7:35—8:3	149, 150	Isa 12	Mark 10:1-31
10-31		2	2 Chron 28	Acts 8:4-25	3, 4	Isa 13	Mark 10:32-end
11-01	All Saints	1, 15	Heb 11:32—12:2	Acts 8:26-end	34	Isa 14	Rev 19:1-16
11-02		5, 6	2 Chron 29 † 1-11,20-30,35-36	Acts 9:1-31	7	Isa 15	Mark 11:1-26
11-03		9	2 Chron 30 † 1-22,26-27	Acts 9:32-end	10	Isa 16	Mark 11:27—12:12
11-04		8, 11	2 Kings 18 † 1-13,17-30,35-37	Acts 10:1-23	15, 16	Isa 17	Mark 12:13-34
11-05		12, 13, 14	2 Kings 19 † 1-20,29-31,35-37	Acts 10:24-end	17	Isa 18	Mark 12:35—13:13
11-06		18:1-20	2 Kings 20	Acts 11:1-18	18:21-50	Isa 19	Mark 13:14-end
11-07		19	2 Chron 33	Acts 11:19-end	20, 21	Isa 20	Mark 14:1-25
11-08		22	2 Kings 21	Acts 12:1-24	23, 24	Isa 21	Mark 14:26-52
11-09		25	2 Kings 22	Acts 12:25—13:12	27	Isa 22	Mark 14:53-end
11-10		26, 28	2 Kings 23 † 1-20,26-30	Acts 13:13-43	31	Isa 23	Mark 15
11-11		29, 30	2 Kings 24	Acts 13:44—14:7	33	Isa 24	Mark 16
11-12		34	2 Kings 25 † 1-22,25-30	Acts 14:8-end	35	Isa 25	Luke 1:1-23
11-13		32, 36	Judith 4	Acts 15:1-21	38	Isa 26	Luke 1:24-56
11-14		37:1-18	Judith 8	Acts 15:22-35	37:19-42	Isa 27	Luke 1:57-end
11-15		40	Judith 9	Acts 15:36—16:5	39, 41	Isa 28	Luke 2:1-21
11-16		42, 43	Judith 10	Acts 16:6-end	44	Isa 29	Luke 2:22-end
11-17		45	Judith 11	Acts 17:1-15	46	Isa 30	Luke 3:1-22
11-18		47, 48	Judith 12	Acts 17:16-end	49	Isa 31	Luke 3:23-end
11-19		50	Judith 13	Acts 18:1-23	51	Isa 32	Luke 4:1-30
11-20		52, 53, 54	Judith 14	Acts 18:24—19:7	55	Isa 33	Luke 4:31-end
11-21		56, 57	Judith 15	Acts 19:8-20	58, 60	Isa 34	Luke 5:1-16
11-22		59	Judith 16	Acts 19:21-end	63, 64	Isa 35	Luke 5:17-end
11-23		61, 62	Ecclesiasticus 1	Acts 20:1-16	65, 67	Isa 36	Luke 6:1-19
11-24		68:1-18	Ecclesiasticus 2	Acts 20:17-end	68:19-36	Isa 37	Luke 6:20-38
11-25		69:1-18	Ecclesiasticus 4 † 1-19	Acts 21:1-16	69:19-38	Isa 38	Luke 6:39—7:10
11-26		66	Ecclesiasticus 6 † 5-31	Acts 21:17-36	70, 72	Isa 39	Luke 7:11-35
11-27		71	Ecclesiasticus 7 † 1-21,27-36	Acts 21:37—22:22	73	Isa 40	Luke 7:36-end
11-28		74	Ecclesiasticus 9	Acts 22:23—23:11	77	Isa 41	Luke 8:1-21
11-29		75, 76	Ecclesiasticus 10 † 1-24	Acts 23:12-end	79, 82	Isa 42	Luke 8:22-end
11-30	Andrew	78:1-18	Ecclesiasticus 11 † 1-9,18-28	John 1:35-42	78:19-40	Isa 43	Luke 9:1-17
12-01		78:41-73	Ecclesiasticus 14	Acts 24:1-23	80	Isa 44	Luke 9:18-50
12-02		81	Ecclesiasticus 17	Acts 24:24—25:12	83	Isa 45	Luke 9:51-end
12-03		84	Ecclesiasticus 18 † 1-26,30-33	Acts 25:13-end	85	Isa 46	Luke 10:1-24
12-04		86, 87	Ecclesiasticus 21	Acts 26	88	Isa 47	Luke 10:25-end
12-05		89:1-18	Ecclesiasticus 34	Acts 27	89:19-52	Isa 48	Luke 11:1-28
12-06		90	Ecclesiasticus 38 † 1-15,24-34	Acts 28:1-15	91	Isa 49	Luke 11:29-end
12-07		92, 93	Ecclesiasticus 39 † 1-11,16-35	Acts 28:16-end	94	Isa 50	Luke 12:1-34
12-08		95, 96	Ecclesiasticus 44	Rev 1	97, 98	Isa 51	Luke 12:35-53
12-09		99, 100, 101	Ecclesiasticus 45	Rev 2:1-17	102	Isa 52	Luke 12:54—13:9
12-10		103	Ecclesiasticus 46	Rev 2:18—3:6	104	Isa 53	Luke 13:10-end
12-11		105:1-22	Ecclesiasticus 47	Rev 3:7-end	105:23-45	Isa 54	Luke 14:1-24
12-12		106:1-18	Ecclesiasticus 48	Rev 4	106:19-48	Isa 55	Luke 14:25—15:10
12-13		107:1-22	Ecclesiasticus 49	Rev 5	107:23-43	Isa 56	Luke 15:11-end
12-14		108, 110	Ecclesiasticus 50	Rev 6	109	Isa 57	Luke 16
12-15		111, 112	Ecclesiasticus 51	Rev 7	113, 114	Isa 58	Luke 17:1-19
12-16		115	Wisdom 1	Rev 8	116, 117	Isa 59	Luke 17:20-end
12-17		119:1-24	Wisdom 2	Rev 9	119:25-48	Isa 60	Luke 18:1-30
12-18		119:49-72	Wisdom 3	Rev 10	119:73-88	Isa 61	Luke 18:31—19:10
12-19		119:89-104	Wisdom 4	Rev 11	119:105-128	Isa 62	Luke 19:11-28
12-20		119:129-152	Wisdom 5	Rev 12	119:153-176	Isa 63	Luke 19:29-end
12-21	Thomas	118	Rev 13	John 14:1-7	120, 121	Isa 64	Luke 20:1-26
12-22		122, 123	Wisdom 6	Rev 14	124, 125, 126	Isa 65	Luke 20:27—21:4
12-23		127, 128	Wisdom 7	Rev 15	129, 130, 131	Isa 66	Luke 21:5-end
12-24		132, 133	Wisdom 8	Rev 16	134, 135	Song of Songs 1	Luke 22:1-38
12-25	Christmas	19 or 45	Isa 9:1-8	Rev 17	85, 110	Song of Songs 2	Luke 2:1-14
12-26	Stephen	136	Acts 6:8—7:6, 7:44-60	Rev 18	137, 138	Song of Songs 3	Luke 22:39-53
12-27	John	139	Rev 19	John 21:9-25	141, 142	Song of Songs 4	Luke 22:54-end
12-28	Holy Innocents	140	Jer 31:1-17	Rev 20	143	Song of Songs 5	Luke 23:1-25
12-29		144	Wisdom 9	Rev 21:1-14	145	Song of Songs 6	Luke 23:26-49
12-30		146	Wisdom 10	Rev 21:15—22:5	147	Song of Songs 7	Luke 23:50—24:12
12-31		148	Wisdom 11	Rev 22:6-end	149, 150	Song of Songs 8	Luke 24:13-end